signal_date,execution_date,market_regime,selected,selected_count,eligible_count,exclusions,turnover_usd,costs_usd,cash_after_usd
2014-12-31,2015-01-02,on,"LUV,EW,EA,AVGO,DAL,MNST,MU,UAA,MAR,VRTX,RCL,GD,KR,KDP,LRCX,AMGN,REGN,INTC,IRM,AAPL",20,359,"{""eligible"":359,""incomplete_momentum_history"":13,""minimum_liquidity"":2,""minimum_price"":3,""missing_price_series"":107,""not_equity"":15}",99900.09990009994,99.90009990009989,-1.8189894035458565e-12
2015-01-30,2015-02-02,on,"LUV,EW,AVGO,EA,KR,BBY,IRM,RCL,DAL,AAPL,MAR,MNST,MAC,LRCX,KDP,INTC,AMAT,MU,HCA,HUM",20,360,"{""eligible"":360,""incomplete_momentum_history"":13,""minimum_liquidity"":2,""minimum_price"":3,""missing_price_series"":106,""not_equity"":15}",54808.288456025635,54.80828845602563,5.286437954055145e-12
2015-02-27,2015-03-02,on,"LUV,EA,EW,AVGO,KR,MNST,IRM,MO,KDP,RCL,AAPL,LRCX,MAC,WELL,DAL,VRTX,UNH,ETR,MAR,AVB",20,361,"{""eligible"":361,""incomplete_momentum_history"":13,""minimum_liquidity"":2,""minimum_price"":2,""missing_price_series"":106,""not_equity"":15}",68189.86662437973,68.18986662437975,5.4569682106375694e-12
2015-03-31,2015-04-01,on,"SWKS,MNST,AVGO,EA,LUV,EW,AAPL,VRTX,ZTS,KR,IRM,LOW,MO,LRCX,MAR,DLTR,RHI,ROST,HD,SHW",20,364,"{""eligible"":364,""incomplete_momentum_history"":13,""minimum_liquidity"":2,""minimum_price"":3,""missing_price_series"":103,""not_equity"":15}",87215.2841408573,87.21528414085725,-9.094947017729282e-12
2015-04-30,2015-05-01,on,"SWKS,EA,MNST,AVGO,LUV,EW,VRTX,KR,UAA,LOW,HUM,CI,UNH,KMX,RCL,ROST,DLTR,ZTS,REGN,AAL",20,366,"{""eligible"":366,""incomplete_momentum_history"":12,""minimum_liquidity"":2,""minimum_price"":3,""missing_price_series"":102,""not_equity"":15}",83859.04296615707,83.85904296615708,-1.8189894035458565e-11
2015-05-29,2015-06-01,on,"SWKS,MNST,VRTX,EA,AVGO,EW,LUV,UAA,REGN,KMX,LOW,ORLY,ROST,KR,ZTS,DLTR,UNH,TGT,AAPL,HCA",20,366,"{""eligible"":366,""incomplete_momentum_history"":12,""minimum_liquidity"":2,""minimum_price"":3,""missing_price_series"":102,""not_equity"":15}",48585.36486793178,48.58536486793178,4.192202140984591e-12
2015-06-30,2015-07-01,on,"SWKS,AVGO,REGN,MNST,EA,HUM,CI,ZTS,EW,KR,LOW,UNH,DRI,ORLY,ROST,TSCO,HCA,BSX,AAPL,LUV",20,366,"{""eligible"":366,""incomplete_momentum_history"":13,""minimum_liquidity"":2,""minimum_price"":3,""missing_price_series"":101,""not_equity"":15}",57716.706347198124,57.71670634719814,-5.7127635955112055e-12
2015-07-31,2015-08-03,on,"MNST,SWKS,EA,AVGO,CI,HUM,REGN,EW,MHK,LEG,NFLX,HAS,ROST,UNH,DRI,ORLY,KR,CAG,ZTS,TSCO",20,368,"{""eligible"":368,""incomplete_momentum_history"":14,""minimum_liquidity"":2,""minimum_price"":3,""missing_price_series"":99,""not_equity"":14}",59484.21696372873,59.48421696372872,-7.716494110354688e-12
2015-08-31,2015-09-01,off,,0,0,"{""market_regime_off"":1}",100923.3476907456,100.92334769074562,100822.42434305484
2015-09-30,2015-10-01,off,,0,0,"{""market_regime_off"":1}",0.0,0.0,100822.42434305484
2015-10-30,2015-11-02,on,"NFLX,AMZN,EA,VMC,UAA,SBUX,AVGO,SWKS,EXPE,ORLY,STZ,CI,MLM,DRI,MHK,EQIX,MAS,MNST,KR,NKE",20,371,"{""eligible"":371,""incomplete_momentum_history"":15,""minimum_liquidity"":2,""minimum_price"":3,""missing_price_series"":98,""not_equity"":14}",100721.70264041438,100.72170264041439,-2.000888343900442e-11
2015-11-30,2015-12-01,on,"NFLX,AMZN,EA,SBUX,ORLY,EXPE,VMC,BSX,STZ,VLO,MAS,EQIX,NOC,GOOGL,AZO,FISV,EFX,AVY,RCL,HAS",20,373,"{""eligible"":373,""incomplete_momentum_history"":17,""minimum_liquidity"":2,""minimum_price"":2,""missing_price_series"":96,""not_equity"":14}",105718.74649611746,105.7187464961174,1.8189894035458565e-12
2015-12-31,2016-01-04,off,,0,0,"{""market_regime_off"":1}",98722.15147582788,98.72215147582786,98623.42932435204
2016-01-29,2016-02-01,off,,0,0,"{""market_regime_off"":1}",0.0,0.0,98623.42932435204
2016-02-29,2016-03-01,off,,0,0,"{""market_regime_off"":1}",0.0,0.0,98623.42932435204
2016-03-31,2016-04-01,on,"TSN,NFLX,AMZN,HRL,MAT,EQIX,CPB,GOOGL,MSFT,PSA,GOOG,VRSN,AVY,SBUX,NDAQ,EXR,NI,MO,NKE,MAS",20,380,"{""eligible"":380,""incomplete_momentum_history"":15,""minimum_liquidity"":2,""minimum_price"":2,""missing_price_series"":93,""not_equity"":13}",98524.90441993206,98.5249044199321,4.547473508864641e-11
2016-04-29,2016-05-02,on,"TSN,HRL,PSA,EXR,CPB,NI,AMZN,VRSN,EW,GOOGL,NDAQ,O,GOOG,EQIX,MAS,PGR,MCD,CINF,MKC,AVGO",20,380,"{""eligible"":380,""incomplete_momentum_history"":16,""minimum_liquidity"":2,""minimum_price"":2,""missing_price_series"":94,""not_equity"":12}",68555.20105715125,68.55520105715127,-5.171841621631757e-12
2016-05-31,2016-06-01,on,"EW,TSN,AMZN,AWK,DLR,GPN,AYI,HRL,VRSN,CINF,ULTA,MCD,O,TAP,STZ,AIZ,CPB,NOC,GOOG,MAS",20,385,"{""eligible"":385,""incomplete_momentum_history"":14,""minimum_liquidity"":2,""minimum_price"":2,""missing_price_series"":92,""not_equity"":12}",90972.08463418775,90.97208463418774,-5.314859663485549e-12
2016-06-30,2016-07-01,on,"AMZN,AWK,EQIX,ULTA,TSN,GPN,TAP,DLR,EXR,NEM,GOOG,O,PSA,EW,NI,MAS,SYY,VMC,GOOGL,NDAQ",20,385,"{""eligible"":385,""incomplete_momentum_history"":14,""minimum_liquidity"":2,""minimum_price"":2,""missing_price_series"":91,""not_equity"":11}",93729.73675447678,93.72973675447678,-2.2737367544323206e-11
2016-07-29,2016-08-01,on,"NEM,DLR,AWK,NI,ALB,O,TSN,EQIX,ULTA,SYY,KLAC,TAP,IRM,MAT,SJM,AEE,CINF,AMAT,CMS,WEC",20,389,"{""eligible"":389,""incomplete_momentum_history"":12,""minimum_liquidity"":2,""minimum_price"":2,""missing_price_series"":89,""not_equity"":11}",107818.92902612219,107.81892902612213,7.275957614183426e-12
2016-08-31,2016-09-01,on,"NEM,ALB,DHR,TSN,DLR,AMAT,EW,ULTA,O,AWK,NI,KLAC,GRMN,IRM,TAP,AMZN,CINF,PLD,TXN,LNT",20,389,"{""eligible"":389,""incomplete_momentum_history"":12,""minimum_liquidity"":2,""minimum_price"":2,""missing_price_series"":89,""not_equity"":11}",73723.95075580735,73.72395075580735,-8.810729923425242e-13
2016-09-30,2016-10-03,on,"NEM,AMAT,DHR,ALB,WYNN,MAT,TSN,XYL,DLR,AYI,ADSK,EW,OKE,MCHP,ISRG,ULTA,CINF,ITW,AMZN,TXN",20,392,"{""eligible"":392,""incomplete_momentum_history"":12,""minimum_liquidity"":2,""minimum_price"":2,""missing_price_series"":89,""not_equity"":9}",92956.86933836453,92.95686933836457,-1.8189894035458565e-12
2016-10-31,2016-11-01,on,"NEM,AMAT,DHR,TSN,ALB,OKE,HPE,EW,XYL,ISRG,WYNN,GRMN,AVGO,CHTR,O,PWR,SPGI,VTR,APA,ULTA",20,394,"{""eligible"":394,""incomplete_momentum_history"":11,""minimum_liquidity"":2,""minimum_price"":2,""missing_price_series"":88,""not_equity"":9}",89842.13618791223,89.84213618791219,3.0127011996228248e-12
2016-11-30,2016-12-01,on,"NEM,OKE,DHR,ALB,AMAT,URBN,ULTA,HPE,WYNN,QCOM,CMI,TSN,CNP,FCX,GRMN,DLR,FFIV,CHTR,MAT,VTR",20,395,"{""eligible"":395,""incomplete_momentum_history"":10,""minimum_liquidity"":2,""minimum_price"":2,""missing_price_series"":88,""not_equity"":9}",83857.57967925906,83.85757967925909,-2.0804691303055733e-11
2016-12-30,2017-01-03,on,"OKE,FCX,NEM,AMAT,DHR,CMI,PWR,MLM,MUR,ALB,HAL,NUE,HPE,NAVI,BBY,JCI,DVN,KMI,APA,WYNN",20,395,"{""eligible"":395,""incomplete_momentum_history"":10,""minimum_liquidity"":2,""minimum_price"":2,""missing_price_series"":87,""not_equity"":10}",110287.00052421469,110.28700052421479,3.183231456205249e-12
2017-01-31,2017-02-01,on,"FCX,OKE,URI,MU,ZION,AMAT,DHR,PWR,NAVI,MLM,RF,MUR,DVN,FITB,HAL,CFG,NEM,WMB,LNC,HPE",20,395,"{""eligible"":395,""incomplete_momentum_history"":10,""minimum_liquidity"":3,""minimum_price"":2,""missing_price_series"":86,""not_equity"":10}",84429.85387777633,84.42985387777635,3.637978807091713e-12
2017-02-28,2017-03-01,on,"URI,OKE,DVN,MU,FCX,ZION,CSX,RF,CFG,LNC,WMB,WDC,BAC,AMAT,DHR,HAL,PWR,MS,CHTR,FITB",20,396,"{""eligible"":396,""incomplete_momentum_history"":9,""minimum_liquidity"":3,""minimum_price"":2,""missing_price_series"":86,""not_equity"":10}",54601.4021891149,54.60140218911491,-2.4433575163129714e-12
2017-03-31,2017-04-03,on,"AMD,MU,URI,OKE,RF,WMB,CSX,BAC,ZION,DHR,MS,IDXX,CFG,LNC,INCY,KEY,AMAT,FITB,RJF,WDC",20,400,"{""eligible"":400,""incomplete_momentum_history"":8,""minimum_liquidity"":3,""minimum_price"":2,""missing_price_series"":84,""not_equity"":9}",54403.62427947406,54.40362427947408,-6.934897101018578e-12
2017-04-28,2017-05-01,on,"AMD,MU,DXC,INCY,IDXX,AMAT,URI,STX,DHR,WDC,CSX,NTAP,LRCX,NFLX,ALB,BAC,MS,OKE,WMB,JEF",20,402,"{""eligible"":402,""incomplete_momentum_history"":8,""minimum_liquidity"":3,""minimum_price"":2,""missing_price_series"":82,""not_equity"":9}",72552.78179157255,72.55278179157254,-4.547473508864641e-12
2017-05-31,2017-06-01,on,"AMD,MU,CSX,STX,WDC,IDXX,LRCX,DHR,AMAT,BBY,MS,BAC,NTAP,CFG,ADSK,CHTR,DXC,FMC,URI,UAL",20,402,"{""eligible"":402,""incomplete_momentum_history"":8,""minimum_liquidity"":3,""minimum_price"":2,""missing_price_series"":82,""not_equity"":9}",62802.45621890129,62.80245621890126,-6.0822458181064576e-12
2017-06-30,2017-07-03,on,"MU,CSX,AMD,ADSK,BBY,WDC,UAL,AMAT,LRCX,STX,IDXX,ALGN,NFLX,LNC,DHR,CFG,AAL,BAC,SWKS,RCL",20,402,"{""eligible"":402,""incomplete_momentum_history"":8,""minimum_liquidity"":3,""minimum_price"":2,""missing_price_series"":81,""not_equity"":10}",63353.45487911023,63.35345487911022,-8.582446753280238e-12
2017-07-31,2017-08-01,on,"MU,WDC,CSX,AMD,BBY,IDXX,ADSK,BAC,LUV,ALGN,DXC,NFLX,RF,CFG,KEY,UAL,LRCX,DE,AMAT,ZION",20,405,"{""eligible"":405,""incomplete_momentum_history"":7,""minimum_liquidity"":2,""minimum_price"":2,""missing_price_series"":80,""not_equity"":10}",65333.42018049733,65.33342018049733,-2.7284841053187847e-12
2017-08-31,2017-09-01,on,"NRG,BA,WDC,NFLX,ALGN,AMD,FMC,MU,CSX,RCL,DXC,VRTX,LRCX,ADSK,PYPL,BBY,DE,LNC,INCY,BAC",20,405,"{""eligible"":405,""incomplete_momentum_history"":8,""minimum_liquidity"":2,""minimum_price"":2,""missing_price_series"":79,""not_equity"":10}",81957.76103164132,81.95776103164135,-9.094947017729282e-12
2017-09-29,2017-10-02,on,"NRG,AMD,ALGN,BA,VRTX,NFLX,MU,LRCX,FMC,CSX,RCL,DXC,BAC,ADSK,WDC,MAR,URI,CBOE,AMAT,PYPL",20,406,"{""eligible"":406,""incomplete_momentum_history"":7,""minimum_liquidity"":2,""minimum_price"":2,""missing_price_series"":80,""not_equity"":9}",44871.9490789293,44.87194907892931,-1.9326762412674725e-12
2017-10-31,2017-11-01,on,"NVDA,NRG,MU,ALGN,VRTX,LRCX,FMC,BA,URI,AMAT,CSX,AMD,CBOE,AMP,ABBV,ALB,MAR,CI,WYNN,PGR",20,408,"{""eligible"":408,""incomplete_momentum_history"":7,""minimum_liquidity"":2,""minimum_price"":1,""missing_price_series"":79,""not_equity"":9}",82539.57176925981,82.53957176925984,-1.7280399333685637e-11
2017-11-30,2017-12-01,on,"ALGN,MU,NRG,LRCX,PYPL,VRTX,AMAT,BA,ISRG,ADSK,ADBE,NFLX,FMC,MTD,CBOE,CDNS,PHM,CNC,ALB,DHI",20,407,"{""eligible"":407,""incomplete_momentum_history"":7,""minimum_liquidity"":2,""minimum_price"":2,""missing_price_series"":79,""not_equity"":9}",117300.83177333708,117.30083177333701,-1.6484591469634324e-12
2017-12-29,2018-01-02,on,"ALGN,NRG,MU,VRTX,ISRG,DHI,PHM,LRCX,PYPL,WYNN,BA,ILMN,CNC,ADBE,CDNS,CBOE,FMC,AMAT,SBAC,EL",20,407,"{""eligible"":407,""incomplete_momentum_history"":7,""minimum_liquidity"":2,""minimum_price"":2,""missing_price_series"":79,""not_equity"":9}",47172.32021431437,47.17232021431436,3.637978807091713e-12
2018-01-31,2018-02-01,on,"ALGN,BA,PYPL,NVDA,VRTX,NRG,DHI,MU,WYNN,CAT,MAR,ABBV,LRCX,CDNS,AVY,TROW,CNC,EL,FMC,CBOE",20,410,"{""eligible"":410,""incomplete_momentum_history"":7,""minimum_liquidity"":1,""minimum_price"":1,""missing_price_series"":78,""not_equity"":9}",75203.65013583149,75.20365013583148,-1.0857093002414331e-11
2018-02-28,2018-03-01,on,"ALGN,NVDA,ABBV,PYPL,NFLX,BA,MU,VRTX,CPRI,BBY,ISRG,CBOE,CAT,WYNN,MAR,TROW,PVH,KSS,AMZN,ADBE",20,409,"{""eligible"":409,""incomplete_momentum_history"":7,""minimum_liquidity"":2,""minimum_price"":1,""missing_price_series"":78,""not_equity"":9}",93689.19930823352,93.6891993082335,-1.6228796084760688e-11
2018-03-29,2018-04-02,on,"NKTR,ALGN,NVDA,BA,IPGP,NFLX,TTWO,PYPL,ABBV,AMZN,MU,KSS,CAT,TROW,ISRG,CPRI,EL,ADBE,MA,BBY",20,411,"{""eligible"":411,""incomplete_momentum_history"":7,""minimum_liquidity"":2,""minimum_price"":1,""missing_price_series"":76,""not_equity"":9}",60490.12432470689,60.490124324706905,0.0
2018-04-30,2018-05-01,on,"NKTR,NVDA,NFLX,MU,ALGN,IPGP,BA,NRG,KSS,EL,CPRI,ADBE,PYPL,URI,NTAP,PGR,AMZN,TROW,TTWO,XYL",20,411,"{""eligible"":411,""incomplete_momentum_history"":7,""minimum_liquidity"":2,""minimum_price"":1,""missing_price_series"":76,""not_equity"":9}",62336.71410009657,62.33671410009657,1.8189894035458565e-12
2018-05-31,2018-06-01,on,"NKTR,CPRI,NFLX,NRG,VLO,BA,ALGN,NTAP,KSS,IPGP,GWW,TROW,RL,ABBV,AMZN,ADBE,NVDA,EL,VFC,MU",20,412,"{""eligible"":412,""incomplete_momentum_history"":6,""minimum_liquidity"":2,""minimum_price"":1,""missing_price_series"":77,""not_equity"":9}",67156.43957433086,67.15643957433088,-5.4569682106375694e-12
2018-06-29,2018-07-02,on,"NKTR,NFLX,ALGN,NRG,VLO,RL,MU,BA,KSS,GWW,ADBE,NTAP,NVDA,INTC,IPGP,TROW,AMZN,CPRI,M,EL",20,412,"{""eligible"":412,""incomplete_momentum_history"":6,""minimum_liquidity"":1,""minimum_price"":1,""missing_price_series"":78,""not_equity"":8}",32912.74355858616,32.912743558586165,-2.8990143619012088e-12
2018-07-31,2018-08-01,on,"NKTR,NFLX,ALGN,GWW,MU,KSS,NTAP,CPRI,STX,CPRT,AMZN,RL,ADBE,M,VLO,ILMN,CF,COP,AKAM,CNC",20,413,"{""eligible"":413,""incomplete_momentum_history"":5,""minimum_liquidity"":1,""minimum_price"":1,""missing_price_series"":78,""not_equity"":8}",85329.7415026238,85.32974150262376,4.547473508864641e-12
2018-08-31,2018-09-04,on,"NKTR,GWW,NTAP,ALGN,NFLX,M,KSS,AMZN,STX,CPRT,CF,RHI,VLO,COP,MU,ILMN,ADBE,HCA,AKAM,ORLY",20,414,"{""eligible"":414,""incomplete_momentum_history"":5,""minimum_liquidity"":1,""minimum_price"":1,""missing_price_series"":77,""not_equity"":8}",44372.93669847749,44.3729366984775,-3.410605131648481e-13
2018-09-28,2018-10-01,on,"NKTR,ALGN,AMZN,GWW,NFLX,NTAP,AMD,CPRT,ADBE,ILMN,STX,KSS,M,BR,HCA,CRM,IDXX,AAP,VLO,ISRG",20,413,"{""eligible"":413,""incomplete_momentum_history"":5,""minimum_liquidity"":2,""minimum_price"":1,""missing_price_series"":76,""not_equity"":8}",79371.19005593857,79.37119005593858,1.2022383089060895e-11
2018-10-31,2018-11-01,off,,0,0,"{""market_regime_off"":1}",105319.38638368525,105.31938638368527,105214.06699730163
2018-11-30,2018-12-03,on,"FTNT,AMD,UAA,UA,KSS,NFLX,HCA,AAP,CMG,M,TRIP,TJX,MKC,AES,TGT,NTAP,COP,RL,BSX,MRK",20,416,"{""eligible"":416,""incomplete_momentum_history"":5,""minimum_liquidity"":2,""minimum_price"":2,""missing_price_series"":74,""not_equity"":4}",105108.9580392623,105.10895803926238,1.4551915228366852e-11
2018-12-31,2019-01-02,off,,0,0,"{""market_regime_off"":1}",91348.57934091148,91.34857934091148,91257.23076157061
2019-01-31,2019-02-01,off,,0,0,"{""market_regime_off"":1}",0.0,0.0,91257.23076157061
2019-02-28,2019-03-01,on,"CMG,NRG,AMD,WELL,KEYS,LLY,AES,FTNT,ULTA,ORLY,TRIP,AAP,VRSN,O,TSCO,MRK,VTR,HCA,BSX,LW",20,420,"{""eligible"":420,""incomplete_momentum_history"":5,""minimum_liquidity"":2,""minimum_price"":2,""missing_price_series"":74,""not_equity"":2}",91166.06469687367,91.16606469687372,2.9103830456733704e-11
2019-03-29,2019-04-01,on,"AMD,CMG,LLY,FTNT,KEYS,TSCO,AES,CDNS,ORLY,VRSN,ULTA,MRK,BSX,GRMN,AZO,INTU,CRM,HCA,TDG,WELL",20,420,"{""eligible"":420,""incomplete_momentum_history"":5,""minimum_liquidity"":2,""minimum_price"":2,""missing_price_series"":74,""not_equity"":2}",59372.2317635378,59.372231763537805,-2.0037305148434825e-12
2019-04-30,2019-05-01,on,"AMD,KEYS,CMG,AZO,LLY,CDNS,WELL,CHD,VRSN,FTNT,AES,GRMN,O,IQV,AMT,EW,ORLY,AAP,PG,TSCO",20,419,"{""eligible"":419,""incomplete_momentum_history"":6,""minimum_liquidity"":2,""minimum_price"":2,""missing_price_series"":74,""not_equity"":2}",69115.71498399354,69.11571498399356,-7.275957614183426e-12
2019-05-31,2019-06-03,off,,0,0,"{""market_regime_off"":1}",91325.16260922063,91.32516260922064,91233.83744661137
2019-06-28,2019-07-01,on,"AMD,SBUX,AZO,CINF,CDNS,MKC,CMG,CHD,AMT,VRSN,HSY,PGR,WELL,GPN,PG,LLY,ULTA,SNPS,PYPL,MSCI",20,420,"{""eligible"":420,""incomplete_momentum_history"":7,""minimum_liquidity"":2,""minimum_price"":2,""missing_price_series"":72,""not_equity"":2}",91142.69475185951,91.1426947518595,2.3646862246096134e-11
2019-07-31,2019-08-01,on,"MKTX,CDNS,SBUX,KEYS,AMD,AZO,CMG,SNPS,XRX,MSCI,APD,VRSN,MTD,GPN,TSCO,AMT,PGR,CINF,DHR,SBAC",20,422,"{""eligible"":422,""incomplete_momentum_history"":7,""minimum_liquidity"":2,""minimum_price"":2,""missing_price_series"":70,""not_equity"":2}",76193.88969194774,76.19388969194777,4.547473508864641e-12
2019-08-30,2019-09-03,on,"SBUX,MKTX,CMG,SBAC,HSY,CDNS,EW,TFX,PG,AMT,AZO,ULTA,CINF,KEYS,APD,YUM,AVGO,DHR,XRAY,AWK",20,425,"{""eligible"":425,""incomplete_momentum_history"":6,""minimum_liquidity"":2,""minimum_price"":2,""missing_price_series"":68,""not_equity"":2}",85151.79490069182,85.15179490069181,-3.637978807091713e-12
2019-09-30,2019-10-01,on,"MKTX,CMG,SBUX,SBAC,AMT,HSY,TSN,CDNS,PG,TDG,WEC,CINF,KLAC,WELL,AWK,CPRT,KEYS,ETR,EXR,DG",20,426,"{""eligible"":426,""incomplete_momentum_history"":6,""minimum_liquidity"":2,""minimum_price"":2,""missing_price_series"":67,""not_equity"":2}",85807.74562850315,85.80774562850318,-2.000888343900442e-11
2019-10-31,2019-11-01,on,"CMG,KLAC,LRCX,TDG,KEYS,AMD,NVR,CPRT,MLM,AMAT,EQIX,SNPS,EW,CDW,MSCI,XRAY,VMC,EL,MKTX,CINF",20,427,"{""eligible"":427,""incomplete_momentum_history"":6,""minimum_liquidity"":2,""minimum_price"":2,""missing_price_series"":66,""not_equity"":2}",120489.92395012671,120.48992395012672,2.3646862246096134e-11
2019-11-29,2019-12-02,on,"LRCX,KLAC,KEYS,MKTX,CPRT,CMG,TDG,AMD,TGT,SNPS,EQIX,AMAT,PHM,QCOM,CDNS,GRMN,GPN,XRAY,EW,DG",20,429,"{""eligible"":429,""incomplete_momentum_history"":6,""minimum_liquidity"":2,""minimum_price"":1,""missing_price_series"":65,""not_equity"":2}",68391.83858804972,68.3918385880497,-7.652545264136279e-12
2019-12-31,2020-01-02,on,"AMD,XRX,LRCX,TGT,MKTX,CMG,KLAC,CPRT,COTY,AMAT,MSCI,TDG,GPN,IR,LDOS,KEYS,AAPL,TSN,QRVO,CDW",20,433,"{""eligible"":433,""incomplete_momentum_history"":5,""minimum_liquidity"":1,""minimum_price"":1,""missing_price_series"":63,""not_equity"":2}",89467.24419059341,89.46724419059339,-3.637978807091713e-12
2020-01-31,2020-02-03,on,"AMD,QCOM,TGT,CPRT,AAPL,PAYC,QRVO,MKTX,LRCX,CDW,LDOS,KLAC,SWKS,RMD,NVDA,GPN,CAG,TDG,IR,MLM",20,434,"{""eligible"":434,""incomplete_momentum_history"":5,""minimum_liquidity"":1,""minimum_price"":1,""missing_price_series"":62,""not_equity"":2}",71115.50784347056,71.11550784347057,-1.1937117960769683e-11
2020-02-28,2020-03-02,off,,0,0,"{""market_regime_off"":1}",89884.6660949906,89.88466609499064,89794.78142889563
2020-03-31,2020-04-01,off,,0,0,"{""market_regime_off"":1}",0.0,0.0,89794.78142889563
2020-04-30,2020-05-01,off,,0,0,"{""market_regime_off"":1}",0.0,0.0,89794.78142889563
2020-05-29,2020-06-01,on,"DXCM,NVDA,NEM,AMD,DVA,KLAC,REGN,ODFL,WST,AAPL,MKTX,QRVO,LRCX,SWKS,HUM,MSCI,MU,VRTX,CPB,ZBRA",20,439,"{""eligible"":439,""incomplete_momentum_history"":3,""minimum_liquidity"":1,""minimum_price"":3,""missing_price_series"":57,""not_equity"":2}",89705.07635254307,89.70507635254309,-2.7284841053187847e-11
2020-06-30,2020-07-01,on,"DXCM,NVDA,REGN,FTNT,AMD,WST,TYL,ODFL,MKTX,AAPL,NEM,VRTX,BIO,HUM,KR,QRVO,SWKS,KLAC,CMG,LRCX",20,440,"{""eligible"":440,""incomplete_momentum_history"":3,""minimum_liquidity"":1,""minimum_price"":4,""missing_price_series"":55,""not_equity"":2}",49228.6779211732,49.22867792117319,2.1458390619955026e-12
2020-07-31,2020-08-03,on,"DXCM,NVDA,REGN,AAPL,FTNT,AMD,NEM,WST,PYPL,VRTX,KR,LRCX,ABBV,ADSK,AMZN,SWKS,DPZ,MSCI,ODFL,NOW",20,441,"{""eligible"":441,""incomplete_momentum_history"":3,""minimum_liquidity"":1,""minimum_price"":3,""missing_price_series"":55,""not_equity"":2}",77240.18169364525,77.24018169364523,-1.2505552149377763e-12
2020-08-31,2020-09-01,on,"NVDA,DXCM,AMD,REGN,AAPL,SWKS,WST,LRCX,PYPL,QRVO,AMZN,NEM,FTNT,DPZ,ODFL,NOW,NFLX,ADSK,MSCI,ROL",20,442,"{""eligible"":442,""incomplete_momentum_history"":3,""minimum_liquidity"":1,""minimum_price"":2,""missing_price_series"":55,""not_equity"":2}",38664.9135415909,38.6649135415909,-5.95946403336711e-13
2020-09-30,2020-10-01,on,"AMD,NVDA,DXCM,AAPL,REGN,ETSY,WST,PYPL,AMZN,NFLX,NOW,SWKS,ADBE,CRM,ODFL,NEM,QRVO,MSCI,FCX,FTNT",20,441,"{""eligible"":441,""incomplete_momentum_history"":3,""minimum_liquidity"":1,""minimum_price"":3,""missing_price_series"":55,""not_equity"":2}",45947.096406676494,45.94709640667648,-5.059064278611913e-12
2020-10-30,2020-11-02,on,"ETSY,NVDA,DXCM,AMD,NOW,WST,AAPL,PYPL,REGN,NFLX,AMZN,ADBE,SWKS,FDX,QRVO,CDNS,BBY,CRM,NEM,SNPS",20,443,"{""eligible"":443,""incomplete_momentum_history"":4,""minimum_liquidity"":1,""minimum_price"":2,""missing_price_series"":53,""not_equity"":2}",44555.79033514632,44.55579033514633,9.094947017729282e-13
2020-11-30,2020-12-01,on,"ETSY,NVDA,AMD,WST,PYPL,NOW,AMZN,POOL,IDXX,AAPL,FDX,ROL,NFLX,NEM,DHR,ALGN,CDNS,QCOM,SNPS,FCX",20,445,"{""eligible"":445,""incomplete_momentum_history"":4,""minimum_liquidity"":1,""minimum_price"":1,""missing_price_series"":52,""not_equity"":2}",77934.55313854263,77.93455313854264,-8.924416761146858e-12
2020-12-31,2021-01-04,on,"TSLA,ETSY,NVDA,PYPL,ALB,AMD,FDX,NOW,WST,FCX,IDXX,ALGN,ROL,QCOM,PWR,TMUS,AMZN,POOL,TER,ODFL",20,446,"{""eligible"":446,""incomplete_momentum_history"":4,""minimum_liquidity"":1,""missing_price_series"":52,""not_equity"":2}",73098.19551160619,73.0981955116062,-1.9326762412674725e-12
2021-01-29,2021-02-01,on,"TSLA,ENPH,ETSY,FCX,NVDA,ALGN,PYPL,AMD,ALB,CDNS,FDX,AMZN,PWR,WST,IDXX,QCOM,TER,IPGP,SNPS,AAPL",20,449,"{""eligible"":449,""incomplete_momentum_history"":4,""missing_price_series"":50,""not_equity"":2}",59924.595477528805,59.92459547752883,-8.29913915367797e-12
2021-02-26,2021-03-01,on,"TSLA,ENPH,ETSY,FCX,ALGN,MPWR,TER,PYPL,ALB,AAPL,QCOM,NVDA,AMD,CDNS,KLAC,CMG,WST,IPGP,SNPS,IDXX",20,449,"{""eligible"":449,""incomplete_momentum_history"":4,""missing_price_series"":50,""not_equity"":2}",44346.84282253246,44.34684282253245,-1.3642420526593924e-12
2021-03-31,2021-04-01,on,"PENN,TSLA,CZR,ETSY,ENPH,FCX,APA,GNRC,DVN,HAL,TPR,MGM,ALGN,APTV,MOS,RCL,URI,EXPE,NCLH,PYPL",20,452,"{""eligible"":452,""incomplete_momentum_history"":1,""missing_price_series"":50,""not_equity"":2}",159973.22068285538,159.97322068285533,7.275957614183426e-12
2021-04-30,2021-05-03,on,"PENN,TSLA,CZR,FCX,ENPH,GNRC,ETSY,IVZ,MOS,TPR,AMAT,DE,NWSA,GM,URI,ALGN,HWM,PWR,EXPE,ALB",20,453,"{""eligible"":453,""incomplete_momentum_history"":1,""missing_price_series"":49,""not_equity"":2}",100266.89766169859,100.26689766169858,-1.1823431123048067e-11
2021-05-28,2021-06-01,on,"FCX,TSLA,IVZ,TPR,MOS,GNRC,CZR,UAA,PENN,PWR,ETSY,UA,DE,PVH,ENPH,ALGN,HWM,AMAT,LRCX,HPQ",20,454,"{""eligible"":454,""incomplete_momentum_history"":1,""missing_price_series"":48,""not_equity"":2}",64784.13431707268,64.7841343170727,-9.094947017729282e-12
2021-06-30,2021-07-01,on,"FCX,TPR,MOS,ENPH,TSLA,DVN,CZR,NUE,COF,PENN,GNRC,IVZ,MGM,PWR,F,PVH,UAA,GM,DE,DXC",20,454,"{""eligible"":454,""incomplete_momentum_history"":2,""missing_price_series"":47,""not_equity"":2}",91628.3149449677,91.62831494496776,-7.275957614183426e-12
2021-07-30,2021-08-02,on,"TPR,CZR,ENPH,MRNA,DVN,FCX,GNRC,IVZ,MGM,FANG,COF,MOS,GM,MHK,NUE,TSLA,HWM,PWR,AMAT,F",20,455,"{""eligible"":455,""incomplete_momentum_history"":2,""missing_price_series"":46,""not_equity"":2}",63279.823529736444,63.27982352973644,-2.7284841053187847e-12
2021-08-31,2021-09-01,on,"MRNA,TPR,BBWI,IVZ,DVN,ENPH,ALGN,FCX,COF,AMAT,NUE,ALB,FTNT,UAA,DXC,MHK,GNRC,UA,OKE,IT",20,457,"{""eligible"":457,""incomplete_momentum_history"":1,""missing_price_series"":45,""not_equity"":2}",110082.91808876557,110.08291808876555,-1.8189894035458565e-12
2021-09-30,2021-10-01,on,"MRNA,DVN,FTNT,ALB,NUE,BBWI,FANG,TPR,OXY,IT,COF,FCX,ZBRA,AMAT,IVZ,LNC,GNRC,MS,OKE,SPG",20,456,"{""eligible"":456,""incomplete_momentum_history"":1,""missing_price_series"":46,""not_equity"":2}",69992.97040022597,69.99297040022597,-4.547473508864641e-12
2021-10-29,2021-11-01,on,"MRNA,DVN,FANG,OXY,APA,IT,FTNT,CZR,EOG,BBWI,COP,ALB,COF,MPC,WFC,AMAT,SPG,CF,NUE,SLB",20,456,"{""eligible"":456,""incomplete_momentum_history"":1,""missing_price_series"":46,""not_equity"":2}",101961.40307125654,101.96140307125653,-1.8189894035458565e-12
2021-11-30,2021-12-01,on,"DVN,FTNT,FANG,GNRC,MRNA,BBWI,IT,OXY,NUE,APA,EOG,TSLA,DXCM,COP,CRL,NVDA,MOS,OKE,WFC,F",20,456,"{""eligible"":456,""incomplete_momentum_history"":1,""missing_price_series"":46,""not_equity"":2}",100203.00187294917,100.20300187294916,1.3073986337985843e-12
2021-12-31,2022-01-03,on,"MRNA,DVN,NVDA,BBWI,F,FANG,FTNT,NUE,IT,ODFL,APA,SPG,COP,GNRC,ALB,EOG,AMAT,EXR,INTU,RHI",20,457,"{""eligible"":457,""incomplete_momentum_history"":2,""missing_price_series"":44,""not_equity"":2}",90003.87341441087,90.00387341441086,-9.094947017729282e-12
2022-01-31,2022-02-01,on,"DVN,FTNT,NUE,NVDA,IT,BBWI,EXR,F,FANG,EPAM,COP,EOG,ANET,APA,SPG,AZO,ODFL,LYV,STX,INTU",20,458,"{""eligible"":458,""incomplete_momentum_history"":2,""missing_price_series"":43,""not_equity"":2}",66841.14646418655,66.84114646418656,-9.094947017729282e-13
2022-02-28,2022-03-01,off,,0,0,"{""market_regime_off"":1}",113495.94813244825,113.49594813244822,113382.45218431581
2022-03-31,2022-04-01,on,"DVN,APA,CF,COP,FTNT,OXY,NVDA,NUE,MOS,FANG,EOG,ANET,RHI,CVX,HAL,IT,F,COST,XOM,PSA",20,460,"{""eligible"":460,""incomplete_momentum_history"":3,""minimum_liquidity"":1,""missing_price_series"":40,""not_equity"":1}",113269.18300131454,113.2691830013146,-3.8198777474462986e-11
2022-04-29,2022-05-02,off,,0,0,"{""market_regime_off"":1}",104340.42370687597,104.340423706876,104236.08328316905
2022-05-31,2022-06-01,off,,0,0,"{""market_regime_off"":1}",0.0,0.0,104236.08328316905
2022-06-30,2022-07-01,off,,0,0,"{""market_regime_off"":1}",0.0,0.0,104236.08328316905
2022-07-29,2022-08-01,off,,0,0,"{""market_regime_off"":1}",0.0,0.0,104236.08328316905
2022-08-31,2022-09-01,off,,0,0,"{""market_regime_off"":1}",0.0,0.0,104236.08328316905
2022-09-30,2022-10-03,off,,0,0,"{""market_regime_off"":1}",0.0,0.0,104236.08328316905
2022-10-31,2022-11-01,off,,0,0,"{""market_regime_off"":1}",0.0,0.0,104236.08328316905
2022-11-30,2022-12-01,on,"OXY,EQT,DVN,VLO,XOM,MPC,COP,SLB,MCK,APA,CF,CI,HAL,EOG,CAH,LW,VRTX,CVX,NOC,MOS",20,471,"{""eligible"":471,""incomplete_momentum_history"":2,""minimum_liquidity"":1,""missing_price_series"":29}",104131.95133183713,104.13195133183714,5.4569682106375694e-12
2022-12-30,2023-01-03,off,,0,0,"{""market_regime_off"":1}",97467.97892664273,97.46797892664273,97370.5109477161
2023-01-31,2023-02-01,on,"ENPH,FSLR,CEG,STLD,OXY,MPC,EQT,VLO,LLY,CAH,XOM,MCK,PWR,NOC,CI,CVX,MRK,LW,APA,ACGL",20,473,"{""eligible"":473,""incomplete_momentum_history"":2,""minimum_liquidity"":1,""missing_price_series"":27}",97273.2377100061,97.27323771000614,-6.730260793119669e-11
2023-02-28,2023-03-01,on,"FSLR,CEG,MPC,STLD,OXY,VLO,XOM,ALB,LW,EQT,SLB,CAH,CAT,GILD,MRK,COP,PCG,BIIB,VRTX,PWR",20,472,"{""eligible"":472,""incomplete_momentum_history"":2,""minimum_liquidity"":1,""minimum_price"":1,""missing_price_series"":27}",77721.66890885167,77.72166890885165,6.52278231427772e-12
2023-03-31,2023-04-03,on,"FSLR,LW,STLD,MPC,LVS,ACGL,FICO,VLO,WYNN,GILD,XOM,GPC,CAH,CEG,SLB,GWW,MRK,URI,PCG,PCAR",20,475,"{""eligible"":475,""incomplete_momentum_history"":1,""minimum_liquidity"":1,""missing_price_series"":26}",79971.17384577275,79.9711738457728,-1.4551915228366852e-11
2023-04-28,2023-05-01,on,"FSLR,FICO,NFLX,WYNN,LVS,MPC,ON,LW,GE,MKTX,NVDA,ACGL,ANET,PWR,PHM,DHI,GWW,SBUX,GILD,LEN",20,475,"{""eligible"":475,""incomplete_momentum_history"":1,""minimum_liquidity"":1,""missing_price_series"":26}",108937.14175424841,108.93714175424849,-9.094947017729282e-12
2023-05-31,2023-06-01,on,"FSLR,AXON,LVS,FICO,WYNN,LW,NFLX,GE,DXCM,ACGL,BA,NVDA,SBUX,ANET,BIIB,CAH,DHI,PHM,CMG,ORLY",20,477,"{""eligible"":477,""incomplete_momentum_history"":1,""minimum_liquidity"":1,""missing_price_series"":24}",73093.62283745372,73.0936228374537,2.7284841053187847e-12
2023-06-30,2023-07-03,on,"FSLR,NVDA,RCL,NFLX,GE,AXON,FICO,ANET,WYNN,PCG,AVGO,PHM,LVS,DHI,ON,META,CMG,CPRT,CAH,LEN",20,477,"{""eligible"":477,""incomplete_momentum_history"":1,""minimum_liquidity"":1,""missing_price_series"":24}",74064.6878707667,74.06468787076672,5.4569682106375694e-12
2023-07-31,2023-08-01,on,"RCL,NVDA,FSLR,NFLX,GE,CCL,AXON,PHM,META,FICO,NCLH,ACGL,AVGO,WYNN,CAH,PCG,GWW,DHI,ORCL,PANW",20,478,"{""eligible"":478,""incomplete_momentum_history"":1,""minimum_liquidity"":1,""missing_price_series"":23}",65008.27947469473,65.00827947469473,-5.346834086594754e-12
2023-08-31,2023-09-01,on,"NVDA,RCL,PHM,META,NFLX,GE,AVGO,CCL,FICO,DHI,WYNN,ACGL,URI,LEN,ETN,FSLR,ORCL,LVS,CAT,LRCX",20,478,"{""eligible"":478,""incomplete_momentum_history"":2,""minimum_liquidity"":1,""missing_price_series"":22}",65146.02697323064,65.14602697323062,-5.7411853049416095e-12
2023-09-29,2023-10-02,on,"NVDA,GE,RCL,META,FICO,PHM,AVGO,ORCL,ADBE,AXON,LRCX,BKNG,FDX,NFLX,AMAT,ETN,ALGN,URI,BKR,ACGL",20,478,"{""eligible"":478,""incomplete_momentum_history"":2,""minimum_liquidity"":1,""missing_price_series"":22}",67275.74331326198,67.27574331326197,-2.2595258997171186e-12
2023-10-31,2023-11-01,off,,0,0,"{""market_regime_off"":1}",90505.4453792407,90.5054453792407,90414.93993386142
2023-11-30,2023-12-01,on,"META,NVDA,PHM,AVGO,GE,ADBE,LLY,ANET,ACGL,CDNS,NOW,NFLX,SNPS,AMZN,FICO,WST,PANW,MSFT,RCL,STX",20,478,"{""eligible"":478,""incomplete_momentum_history"":3,""minimum_liquidity"":1,""missing_price_series"":21}",90324.61531854291,90.32461531854293,-5.4569682106375694e-12
2023-12-29,2024-01-02,on,"NVDA,META,UBER,RCL,TSLA,BLDR,PANW,AMD,PHM,CCL,ADBE,GE,ANET,NOW,INTC,CRM,LRCX,AMZN,FICO,AVGO",20,480,"{""eligible"":480,""incomplete_momentum_history"":2,""minimum_liquidity"":1,""missing_price_series"":20}",76047.64739401298,76.04764739401297,-1.6370904631912708e-11
2024-01-31,2024-02-01,on,"NVDA,META,BLDR,UBER,RCL,AMD,PHM,AVGO,ANET,PANW,INTC,FICO,CCL,LLY,LULU,JBL,LRCX,ADBE,DHI,NRG",20,480,"{""eligible"":480,""incomplete_momentum_history"":2,""minimum_liquidity"":1,""missing_price_series"":20}",53013.67229913852,53.01367229913851,-7.418066161335446e-12
2024-02-29,2024-03-01,on,"NVDA,META,AMD,LLY,BLDR,AVGO,UBER,ANET,PHM,ADBE,PANW,NOW,RCL,FICO,CRM,NFLX,LRCX,INTC,AKAM,NRG",20,480,"{""eligible"":480,""incomplete_momentum_history"":2,""minimum_liquidity"":1,""missing_price_series"":20}",49003.556751533,49.00355675153298,-1.127773430198432e-13
2024-03-28,2024-04-01,on,"SMCI,NVDA,UBER,META,CEG,LLY,BLDR,AVGO,RCL,DECK,LRCX,FICO,PHM,AMD,URI,NFLX,KLAC,AMZN,NOW,ETN",20,482,"{""eligible"":482,""incomplete_momentum_history"":2,""minimum_liquidity"":1,""missing_price_series"":18}",79225.75894891546,79.22575894891547,2.7284841053187847e-12
2024-04-30,2024-05-01,on,"SMCI,NVDA,UBER,CEG,AVGO,BLDR,RCL,NRG,WDC,AMD,META,URI,MU,DECK,LLY,ETN,LRCX,ANET,AMAT,NFLX",20,480,"{""eligible"":480,""incomplete_momentum_history"":4,""minimum_liquidity"":1,""missing_price_series"":18}",55465.24341929729,55.46524341929728,-6.366462912410498e-12
2024-05-31,2024-06-03,on,"SMCI,VST,NRG,CEG,NVDA,GE,URI,TT,LDOS,WDC,LLY,DPZ,ETN,UBER,WAB,MPC,DECK,PH,PHM,RCL",20,482,"{""eligible"":482,""incomplete_momentum_history"":3,""minimum_liquidity"":1,""missing_price_series"":17}",104216.26068026996,104.21626068027001,5.400124791776761e-13
2024-06-28,2024-07-01,on,"VST,SMCI,NVDA,CEG,CRWD,NRG,DECK,WDC,ANET,MU,GE,GDDY,KKR,QCOM,LLY,HWM,TT,ETN,FICO,LDOS",20,483,"{""eligible"":483,""incomplete_momentum_history"":3,""minimum_liquidity"":1,""missing_price_series"":16}",91682.02269578305,91.68202269578305,2.1600499167107046e-12
2024-07-31,2024-08-01,on,"VST,NVDA,SMCI,CRWD,ANET,CEG,NRG,LLY,AVGO,MU,GDDY,WDC,FICO,KKR,GE,DECK,NTAP,PGR,STX,TT",20,484,"{""eligible"":484,""incomplete_momentum_history"":3,""minimum_liquidity"":1,""missing_price_series"":15}",51045.244927991924,51.045244927991924,-5.115907697472721e-12
2024-08-30,2024-09-03,on,"SMCI,VST,NVDA,NRG,GDDY,KKR,HWM,GE,ANET,IRM,FICO,DECK,META,CEG,AVGO,ALL,GRMN,TT,NTAP,PGR",20,484,"{""eligible"":484,""incomplete_momentum_history"":3,""minimum_liquidity"":1,""missing_price_series"":15}",60165.711357314736,60.165711357314756,4.092726157978177e-12
2024-09-30,2024-10-01,on,"NVDA,VST,GDDY,NRG,HWM,MPWR,KKR,PLTR,GE,FICO,IRM,AVGO,ANET,UHS,DECK,AXON,NFLX,MHK,PGR,CEG",20,485,"{""eligible"":485,""incomplete_momentum_history"":4,""missing_price_series"":15}",73042.38926686923,73.04238926686924,9.094947017729282e-12
2024-10-31,2024-11-01,on,"VST,NVDA,PLTR,KKR,CEG,HWM,FICO,NRG,GE,GDDY,MPWR,IRM,RCL,TT,DVA,AVGO,MHK,ERIE,URI,AXON",20,485,"{""eligible"":485,""incomplete_momentum_history"":3,""missing_price_series"":15}",63037.70665976264,63.03770665976263,2.729393600020557e-12
2024-11-29,2024-12-02,on,"VST,NVDA,PLTR,CEG,TPL,IRM,UAL,RCL,HWM,AXON,TRGP,NRG,AVGO,KKR,FICO,GE,SYF,ANET,META,LDOS",20,486,"{""eligible"":486,""incomplete_momentum_history"":3,""missing_price_series"":14}",98596.30021572774,98.5963002157277,-1.2732925824820995e-11
2024-12-31,2025-01-02,on,"VST,PLTR,TPL,NVDA,AXON,TRGP,UAL,CEG,HWM,FICO,NRG,KKR,APO,RCL,GDDY,NFLX,SYF,IRM,GE,WMT",20,487,"{""eligible"":487,""incomplete_momentum_history"":2,""minimum_liquidity"":1,""missing_price_series"":13}",61302.953954371755,61.302953954371745,-4.547473508864641e-12
2025-01-31,2025-02-03,on,"PLTR,VST,AXON,UAL,TPL,NVDA,TSLA,TRGP,AVGO,HWM,CEG,RCL,GDDY,NRG,GRMN,TPR,KKR,FICO,SYF,MMM",20,487,"{""eligible"":487,""incomplete_momentum_history"":2,""minimum_liquidity"":1,""missing_price_series"":13}",72235.20177753756,72.23520177753755,-3.126388037344441e-12
2025-02-28,2025-03-03,on,"PLTR,VST,TPL,UAL,AXON,RCL,TRGP,MMM,TSLA,HWM,NRG,CEG,GDDY,FOX,CCL,IP,KKR,FOXA,SYF,GS",20,487,"{""eligible"":487,""incomplete_momentum_history"":2,""minimum_liquidity"":1,""missing_price_series"":13}",78650.33341440809,78.65033341440811,2.2737367544323206e-13
2025-03-31,2025-04-01,off,,0,0,"{""market_regime_off"":1}",117503.23861228777,117.50323861228779,117385.73537367549
2025-04-30,2025-05-01,off,,0,0,"{""market_regime_off"":1}",0.0,0.0,117385.73537367549
2025-05-30,2025-06-02,on,"PLTR,TPL,AXON,GEV,PM,TPR,FTNT,NFLX,GILD,DASH,T,VRSN,HWM,TSLA,ETR,FFIV,WELL,VTR,CAH,TRGP",20,490,"{""eligible"":490,""minimum_liquidity"":1,""missing_price_series"":12}",117268.46690676875,117.26846690676872,-1.2732925824820995e-11
2025-06-30,2025-07-01,on,"PLTR,GEV,AXON,HWM,NRG,TPR,VST,DASH,PAYC,TSLA,PM,FTNT,NFLX,FFIV,GILD,TPL,UAL,FOXA,ETR,RCL",20,490,"{""eligible"":490,""minimum_liquidity"":1,""missing_price_series"":12}",78423.28649247818,78.42328649247817,-5.4569682106375694e-12
2025-07-31,2025-08-01,on,"PLTR,GEV,VST,AXON,DASH,TPR,NRG,HWM,NFLX,RCL,JBL,CRWD,CEG,FTNT,AVGO,UAL,CAH,FFIV,EQT,CCL",20,493,"{""eligible"":493,""minimum_liquidity"":1,""missing_price_series"":9}",92688.41885444851,92.68841885444849,-2.086153472191654e-11
2025-08-29,2025-09-02,on,"PLTR,GEV,TPR,VST,UAL,AXON,JBL,IBKR,NRG,DASH,COIN,RCL,HWM,ORCL,AVGO,CEG,RL,CCL,CRWD,NFLX",20,495,"{""eligible"":495,""missing_price_series"":8}",53519.11224760111,53.519112247601115,5.684341886080801e-13
2025-09-30,2025-10-01,on,"HOOD,PLTR,APP,GEV,TPR,RCL,AXON,IBKR,UAL,HWM,DASH,CCL,NFLX,COIN,AVGO,APH,VST,NRG,JBL,C",20,495,"{""eligible"":495,""missing_price_series"":8}",61195.96585624817,61.19596585624816,-2.7142732506035827e-12
2025-10-31,2025-11-03,on,"HOOD,PLTR,APP,STX,WDC,WBD,TPR,GEV,NRG,HWM,AVGO,LRCX,IBKR,NEM,APH,PSKY,DASH,GE,JBL,TKO",20,495,"{""eligible"":495,""incomplete_momentum_history"":1,""missing_price_series"":8}",109495.04115420594,109.49504115420595,-2.546585164964199e-11
2025-11-28,2025-12-01,on,"HOOD,PLTR,WDC,STX,AVGO,LRCX,MU,WBD,APP,NRG,KLAC,APH,NEM,GLW,TPR,AMD,MPWR,GEV,HWM,GE",20,494,"{""eligible"":494,""incomplete_momentum_history"":3,""missing_price_series"":7}",69946.33366115912,69.94633366115914,-4.546564014162868e-12
2025-12-31,2026-01-02,on,"WDC,HOOD,STX,MU,NEM,WBD,FIX,LRCX,PLTR,APH,INTC,APP,CVS,NRG,KLAC,HWM,CAH,GLW,IDXX,AMD",20,496,"{""eligible"":496,""incomplete_momentum_history"":2,""missing_price_series"":5}",75684.44022727292,75.68444022727293,-7.1897829911904415e-12
2026-01-30,2026-02-02,on,"WDC,MU,STX,WBD,NEM,LRCX,PLTR,HOOD,FIX,APH,DG,APP,INTC,GEV,AMD,GLW,HII,TPR,KLAC,EA",20,497,"{""eligible"":497,""incomplete_momentum_history"":2,""missing_price_series"":4}",89469.02428871139,89.4690242887114,-9.094947017729282e-13
2026-02-27,2026-03-02,on,"SNDK,WDC,STX,MU,CIEN,FIX,NEM,LRCX,WBD,HII,ALB,AMD,APH,KLAC,TER,GEV,GLW,HOOD,INTC,AMAT",20,499,"{""eligible"":499,""incomplete_momentum_history"":1,""missing_price_series"":3}",90836.53707809547,90.83653707809549,1.8474111129762605e-12
2026-03-31,2026-04-01,off,,0,0,"{""market_regime_off"":1}",153262.25057284549,153.26225057284552,153108.9883222726
2026-04-30,2026-05-01,on,"SNDK,LITE,WDC,CIEN,STX,MU,TER,COHR,FIX,WBD,GLW,ALB,LRCX,VRT,APA,GEV,CAT,AMAT,VLO,INTC",20,499,"{""eligible"":499,""incomplete_momentum_history"":1,""missing_price_series"":3}",152956.0322899826,152.95603228998266,-1.1095835361629725e-10
2026-05-29,2026-06-01,on,"SNDK,LITE,WDC,CIEN,STX,MU,INTC,COHR,TER,FIX,ALB,GLW,AMD,LRCX,VRT,WBD,APA,AMAT,KLAC,CAT",20,501,"{""eligible"":501,""incomplete_momentum_history"":1,""missing_price_series"":1}",57432.518778108686,57.432518778108694,-5.6843418860808015e-12
